accidentDate,accidentTime,accidentDay,settlementType,settlement,district,streetType,streetName,houseNumber,locationComments,accidentType,mainAccidentCause,totalParticipantsAmount,injuryStatusParticipant1,injuryStatusParticipant2,injuryStatusParticipant3,injuryStatusParticipant4,injuryStatusParticipant5,injuryStatusParticipant6,injuryStatusParticipant7,injuryStatusParticipant8,latitude,longitude
2018-06-18,17:01:00,понеділок,місто,Львів,Франківський,вулиця,Княгині Ольги,3,null,наїзд на пішохода - пішохід рухався у попутному напрямку,порушення правил проїзду пішохідних переходів,2,без ушкоджень,легко травмований,null,null,null,null,null,null,49.823837,24.007643
2018-06-09,16:34:00,субота,місто,Львів,Личаківський,вулиця,Пасічна,55,null,наїзд на пішохода - пішохід рухався у попутному напрямку,порушення правил маневрування,2,без ушкоджень,легко травмований,null,null,null,null,null,null,49.827332,24.072971
2018-07-01,13:50:00,неділя,місто,Львів,Галицький,площа,"Князя Ярослава Осмомисла, пл.",null,"перехрестя вул. Замарстинівська - Князя Ярослава Осмомисла, пл.",зіткнення лобове,порушення правил маневрування,3,без ушкоджень,легко травмований,легко травмований,null,null,null,null,null,49.844819,24.029245
2018-07-07,23:30:00,субота,місто,Львів,Личаківський,вулиця,Кукурудзяна,2,null,зіткнення лобове,перевищення безпечної швидкості,4,легко травмований,без ушкоджень,легко травмований,легко травмований,null,null,null,null,49.862741,24.056625
2018-06-19,9:28:00,вівторок,місто,Львів,Сихівський,проспект,"Червоної Калини, просп.",null,"перехрестя Червоної Калини, просп., - вул. Угорська",зіткнення лобове,порушення правил маневрування,3,помер у лікарні протягом 30 діб,легко травмований,без ушкоджень,null,null,null,null,null,49.810214,24.046522
2018-06-22,20:01:00,п'ятниця,місто,Львів,Залізничний,вулиця,Городоцька,274,null,зіткнення бокове,"перевищення безпечної швидкості , недодержання дистанції",2,без ушкоджень,легко травмований,null,null,null,null,null,null,49.824179,23.9329
2018-06-29,17:49:00,п'ятниця,місто,Львів,Залізничний,вулиця,Левандівська,30,null,зіткнення бокове,порушення правил маневрування,2,без ушкоджень,легко травмований,null,null,null,null,null,null,49.843397,23.981121
2018-07-10,9:20:00,вівторок,місто,Львів,Франківський,вулиця,Наукова,2,null,зіткнення лобове,порушення правил маневрування,2,без ушкоджень,легко травмований,null,null,null,null,null,null,49.803005,24.007627
2018-06-06,14:55:00,середа,місто,Львів,Залізничний,вулиця,Кульпарківська,230,null,зіткнення бокове,"порушення правил маневрування , перевищення безпечної швидкості",2,без ушкоджень,легко травмований,null,null,null,null,null,null,49.803241,23.980751
2018-06-20,23:09:00,середа,місто,Львів,Франківський,вулиця,"Сахарова А., акад.",25,null,наїзд на пішохода - пішохід рухався у попутному напрямку,перехід у невстановленому місці,2,без ушкоджень,легко травмований,null,null,null,null,null,null,49.823435,24.012766
2018-07-13,17:35:00,п'ятниця,місто,Львів,Залізничний,вулиця,Любінська,191Б,null,зіткнення бокове,порушення правил маневрування,3,без ушкоджень,без ушкоджень,легко травмований,null,null,null,null,null,49.816501,23.957462
2018-08-30,19:01:00,четвер,місто,Львів,Личаківський,вулиця,Зелена,20,null,наїзд на пішохода - пішохід переходив дорогу поза межами пішохідного переходу,перевищення безпечної швидкості,2,без ушкоджень,легко травмований,null,null,null,null,null,null,49.833411,24.03868
2018-07-31,18:15:00,вівторок,місто,Львів,Франківський,вулиця,Наукова,16,null,зіткнення бокове,"порушення правил маневрування , недодержання дистанції",2,легко травмований,без ушкоджень,null,null,null,null,null,null,49.803444,24.002538
2018-08-23,20:45:00,четвер,місто,Львів,Сихівський,вулиця,Мирного Панаса,null,вул. Литовська,наїзд на велосипедиста - поза межами велосипедної доріжки,недодержання дистанції,2,без ушкоджень,легко травмований,null,null,null,null,null,null,49.814755,24.03343
2018-07-26,4:15:00,четвер,місто,Львів,Франківський,вулиця,Трускавецька,50,null,наїзд на пішохода - пішохід рухався у попутному напрямку,перевищення безпечної швидкості,2,без ушкоджень,легко травмований,null,null,null,null,null,null,49.800318,23.984683
2018-07-07,14:45:00,субота,місто,Львів,Сихівський,вулиця,Зелена,303,null,зіткнення з задньою частиною тз,порушення правил маневрування,3,легко травмований,легко травмований,без ушкоджень,null,null,null,null,null,49.798033,24.071753
2018-08-02,18:01:00,четвер,місто,Львів,Франківський,вулиця,Наукова,112,null,падіння пасажира,порушення правил перевезення пасажирів,2,без ушкоджень,легко травмований,null,null,null,null,null,null,49.805508,23.985263
2018-08-17,22:27:00,п'ятниця,місто,Львів,Шевченківський,вулиця,Шевченка Т.,358,null,зіткнення бокове,порушення правил маневрування,3,легко травмований,легко травмований,без ушкоджень,null,null,null,null,null,49.868482,23.952599
2018-08-24,17:10:00,п'ятниця,місто,Львів,Шевченківський,вулиця,Шевченка Т.,315,null,наїзд на пішохода - пішохід рухався у попутному напрямку,"перевищення безпечної швидкості , недодержання дистанції",4,без ушкоджень,легко травмований,легко травмований,легко травмований,null,null,null,null,49.870632,23.943297
2018-07-30,13:03:00,понеділок,місто,Львів,Личаківський,вулиця,Пасічна,49,null,зіткнення лобове,"перевищення безпечної швидкості , недодержання дистанції",3,без ушкоджень,без ушкоджень,легко травмований,null,null,null,null,null,49.828377,24.070739
2018-08-01,23:07:00,середа,місто,Львів,Шевченківський,вулиця,Брюховицька,242,null,зіткнення лобове,перевищення безпечної швидкості,2,легко травмований,без ушкоджень,null,null,null,null,null,null,49.860176,23.970913
2018-07-31,16:35:00,вівторок,місто,Львів,Сихівський,вулиця,Угорська,null,"перехрестя вул. Угорська - Червоної Калини, просп.",зіткнення бокове,порушення правил маневрування,2,без ушкоджень,легко травмований,null,null,null,null,null,null,49.810255,24.04624
2018-08-01,22:01:00,середа,місто,Львів,Сихівський,проспект,"Червоної Калини, просп.",95,null,наїзд на пішохода - пішохід рухався у попутному напрямку,порушення правил маневрування,2,без ушкоджень,легко травмований,null,null,null,null,null,null,49.788849,24.059163
2018-07-28,23:08:00,субота,місто,Львів,Личаківський,вулиця,Пластова,55,null,зіткнення лобове,порушення правил маневрування,2,без ушкоджень,легко травмований,null,null,null,null,null,null,49.859708,24.063068
2018-08-24,12:38:00,п'ятниця,місто,Львів,Личаківський,вулиця,Богданівська,44,null,зіткнення лобове,порушення правил маневрування,2,без ушкоджень,легко травмований,null,null,null,null,null,null,49.855469,24.075546
2018-07-30,15:01:00,понеділок,місто,Львів,Залізничний,вулиця,Вигоди,null,null,наїзд на пішохода - на нерегульованому пішохідному переході,порушення правил проїзду пішохідних переходів,2,легко травмований,легко травмований,null,null,null,null,null,null,49.840875,23.973198
2018-08-17,15:40:00,п'ятниця,місто,Львів,Галицький,вулиця,"Чупринки Т., ген.",null,"перехрестя вул. Чупринки Т., ген., - вул. Бандери С.",падіння пасажира,порушення правил перевезення пасажирів,2,без ушкоджень,легко травмований,null,null,null,null,null,null,49.834709,24.016725
2018-08-28,13:26:00,вівторок,місто,Львів,Франківський,вулиця,Київська,4,null,наїзд на пішохода - пішохід рухався у попутному напрямку,перевищення безпечної швидкості,2,без ушкоджень,легко травмований,null,null,null,null,null,null,49.832457,24.011843
2018-08-13,0:05:00,понеділок,місто,Львів,Залізничний,вулиця,Городоцька,224,null,наїзд на пішохода - пішохід рухався у попутному напрямку,пішоходи невиконання вимог сигналів регулювання,2,без ушкоджень,тяжко травмований,null,null,null,null,null,null,49.827623,23.951386
2018-08-15,18:17:00,середа,місто,Львів,Франківський,вулиця,Васильківського С.,7,null,наїзд на велосипедиста - велосипедист рухався у попутному напрямку,порушення правил користування освітлювальними приладами,2,без ушкоджень,легко травмований,null,null,null,null,null,null,49.832547,24.00112
2018-07-23,20:10:00,понеділок,місто,Львів,Франківський,вулиця,Кульпарківська,60,null,зіткнення лобове,"перевищення безпечної швидкості , недодержання дистанції",3,тяжко травмований,легко травмований,легко травмований,null,null,null,null,null,49.830398,23.990987
2018-08-30,10:30:00,четвер,місто,Львів,Галицький,вулиця,Дорошенка П.,44,null,зіткнення бокове,порушення правил проїзду перехресть,3,без ушкоджень,легко травмований,без ушкоджень,null,null,null,null,null,49.837609,24.022301
2018-08-09,10:01:00,четвер,місто,Львів,Галицький,вулиця,Дорошенка П.,5,null,зіткнення бокове,порушення правил маневрування,3,без ушкоджень,без ушкоджень,легко травмований,null,null,null,null,null,49.839712,24.02607
2018-08-23,14:01:00,четвер,місто,Львів,Личаківський,вулиця,Мечникова І.,33,null,наїзд на пішохода - пішохід рухався у попутному напрямку,порушення правил маневрування,2,без ушкоджень,тяжко травмований,null,null,null,null,null,null,49.832443,24.049963
2018-08-23,11:10:00,четвер,місто,Львів,Залізничний,вулиця,Кульпарківська,226,null,зіткнення лобове,"перевищення безпечної швидкості , недодержання дистанції",2,легко травмований,без ушкоджень,null,null,null,null,null,null,49.804799,23.981153
2018-08-07,21:30:00,вівторок,місто,Львів,Личаківський,вулиця,Пасічна,98,null,наїзд на пішохода - пішохід переходив дорогу поза межами пішохідного переходу,перехід у невстановленому місці,4,без ушкоджень,помер на місці дтп,тяжко травмований,тяжко травмований,null,null,null,null,49.817289,24.07657
2018-08-21,16:01:00,вівторок,місто,Львів,Залізничний,вулиця,Шевченка Т.,null,Янівське кладовище,падіння пасажира,порушення правил маневрування,2,легко травмований,без ушкоджень,null,null,null,null,null,null,49.849724,23.994763
2018-08-24,16:37:00,п'ятниця,місто,Львів,Личаківський,вулиця,Лисенка М.,21,null,зіткнення лобове,невиконання вимог сигналів регулювання,2,без ушкоджень,легко травмований,null,null,null,null,null,null,49.842957,24.041085
2018-08-02,19:19:00,четвер,місто,Львів,Сихівський,проспект,"Червоної Калини, просп.",77-79,null,наїзд на пішохода - пішохід рухався у попутному напрямку,порушення правил проїзду перехресть,2,легко травмований,тяжко травмований,null,null,null,null,null,null,49.795703,24.055424
2018-08-17,21:01:00,п'ятниця,місто,Львів,Сихівський,вулиця,Хуторівка,4Б,null,зіткнення бокове,порушення правил маневрування,3,легко травмований,легко травмований,без ушкоджень,null,null,null,null,null,49.799705,24.026868
2018-07-23,13:06:00,понеділок,місто,Львів,Галицький,вулиця,"Тарнавського М., ген.",118,null,зіткнення лобове,порушення правил маневрування,5,без ушкоджень,без ушкоджень,легко травмований,легко травмований,легко травмований,null,null,null,49.826259,24.043724
2018-08-14,16:34:00,вівторок,місто,Львів,Галицький,вулиця,Дорошенка П.,27,null,наїзд на пішохода - пішохід рухався у попутному напрямку,порушення правил маневрування,2,без ушкоджень,помер по дорозі в лікарню,null,null,null,null,null,null,49.83901,24.025034
2018-07-25,23:30:00,середа,місто,Львів,Франківський,вулиця,Кульпарківська,null,перехрестя вул. Кульпарківська - вул. Героїв УПА,зіткнення лобове,"невиконання вимог сигналів регулювання , порушення правил проїзду перехресть",3,без ушкоджень,без ушкоджень,легко травмований,null,null,null,null,null,49.828073,23.990128
2018-08-28,5:55:00,вівторок,місто,Львів,Залізничний,вулиця,Петлюри С.,17,null,наїзд на пішохода - пішохід рухався у попутному напрямку,порушення правил маневрування,2,без ушкоджень,легко травмований,null,null,null,null,null,null,49.821913,23.980097
2018-08-15,23:01:00,середа,місто,Львів,Сихівський,вулиця,Стрийська,103,null,наїзд на інші види перешкод,перевищення безпечної швидкості,1,легко травмований,null,null,null,null,null,null,null,49.788035,24.017905
2018-08-03,16:08:00,п'ятниця,місто,Львів,Личаківський,вулиця,Богданівська,null,перехрестя вул. Богданівська - вул. Старознесенська,зіткнення лобове,порушення правил маневрування,2,без ушкоджень,тяжко травмований,null,null,null,null,null,null,49.8489,24.083426
2018-08-16,23:23:00,четвер,місто,Львів,Шевченківський,вулиця,Шевченка Т.,358А,null,наїзд на пішохода - пішохід рухався у попутному напрямку,порушення правил маневрування,2,без ушкоджень,тяжко травмований,null,null,null,null,null,null,49.868519,23.951461
2018-07-24,4:56:00,вівторок,місто,Львів,Залізничний,вулиця,Городоцька,null,null,зіткнення лобове,невиконання вимог сигналів регулювання,3,без ушкоджень,без ушкоджень,легко травмований,null,null,null,null,null,49.820722,23.914876
2018-07-27,1:01:00,п'ятниця,місто,Львів,Сихівський,вулиця,Мікльоша К.,3,null,перекидання тз,порушення правил маневрування,2,легко травмований,легко травмований,null,null,null,null,null,null,49.783325,24.018854
2018-08-30,12:40:00,четвер,місто,Львів,Галицький,вулиця,Гоголя М.,null,null,наїзд на пішохода - пішохід рухався у зустрічному напрямку,порушення правил маневрування,2,без ушкоджень,тяжко травмований,null,null,null,null,null,null,49.839775,24.018474
2018-07-25,19:05:00,середа,місто,Львів,Сихівський,вулиця,Драгана М.,9,null,наїзд на пішохода - пішохід рухався у попутному напрямку,порушення правил маневрування,2,без ушкоджень,легко травмований,null,null,null,null,null,null,49.78488,24.056684
2018-08-18,11:50:00,субота,місто,Львів,Залізничний,вулиця,Широка,null,перехрестя вул. Широка - вул. Суботівська,наїзд на пішохода - на регульованому пішохідному переході,перевищення безпечної швидкості,2,без ушкоджень,легко травмований,null,null,null,null,null,null,49.841747,23.967533
2018-08-08,15:01:00,середа,місто,Львів,Галицький,вулиця,Газова,26,null,наїзд на велосипедиста - поза межами велосипедної доріжки,порушення правил маневрування,2,без ушкоджень,легко травмований,null,null,null,null,null,null,49.848461,24.022588
2018-08-18,22:49:00,субота,місто,Львів,Франківський,вулиця,Стрийська,null,Перехрестя вул. Стрийська - вул. Наукова,зіткнення лобове,виїзд на смугу зустрічного руху,6,легко травмований,легко травмований,легко травмований,без ушкоджень,без ушкоджень,легко травмований,null,null,49.801863,24.01798
2018-07-28,10:30:00,субота,місто,Львів,Шевченківський,вулиця,Липинського В.,null,перехрестя вул. Липинського В. - вул. Бетховена Л.,зіткнення бокове,перевищення безпечної швидкості,2,без ушкоджень,легко травмований,null,null,null,null,null,null,49.863542,24.033313
2018-08-21,14:32:00,вівторок,місто,Львів,Залізничний,вулиця,Петлюри С.,37,null,наїзд на пішохода - пішохід рухався у попутному напрямку,порушення правил маневрування,2,без ушкоджень,легко травмований,null,null,null,null,null,null,49.819518,23.981003
2018-08-09,16:40:00,четвер,місто,Львів,Залізничний,вулиця,Городоцька,276,null,зіткнення з задньою частиною тз,недодержання дистанції,3,без ушкоджень,без ушкоджень,легко травмований,null,null,null,null,null,49.824446,23.931962
2018-08-23,9:51:00,четвер,місто,Львів,Галицький,площа,"Соборна, пл.",12,null,наїзд на пішохода - пішохід рухався у попутному напрямку,"перевищення безпечної швидкості , недодержання дистанції",2,без ушкоджень,легко травмований,null,null,null,null,null,null,49.838398,24.034781
2018-09-03,13:10:00,понеділок,місто,Львів,Франківський,вулиця,Княгині Ольги,5А,null,наїзд на велосипедиста - поза межами велосипедної доріжки,перевищення безпечної швидкості,2,без ушкоджень,легко травмований,null,null,null,null,null,null,49.822743,24.006881
2018-08-22,4:22:00,середа,місто,Львів,Личаківський,вулиця,Хмельницького Б.,267,null,наїзд на інші види перешкод,недодержання дистанції,1,легко травмований,null,null,null,null,null,null,null,49.871244,24.058396
2018-08-10,21:40:00,п'ятниця,місто,Львів,Залізничний,вулиця,Городоцька,282,null,наїзд на пішохода - пішохід рухався у попутному напрямку,перехід у невстановленому місці,2,без ушкоджень,помер у лікарні протягом 30 діб,null,null,null,null,null,null,49.823574,23.927434
2018-08-11,9:40:00,субота,місто,Львів,Сихівський,вулиця,Зелена,273,null,наїзд на пішохода - пішохід рухався у попутному напрямку,порушення правил маневрування,3,без ушкоджень,без ушкоджень,легко травмований,null,null,null,null,null,49.802039,24.066201
2018-08-07,11:01:00,вівторок,місто,Львів,Личаківський,вулиця,Глинянський Тракт,1,null,наїзд на пішохода - на нерегульованому пішохідному переході,порушення правил проїзду пішохідних переходів,2,без ушкоджень,легко травмований,null,null,null,null,null,null,49.835996,24.070283
2018-08-27,18:27:00,понеділок,місто,Львів,Сихівський,вулиця,Стуса В.,51,null,наїзд на інші види перешкод,порушення правил маневрування,1,тяжко травмований,null,null,null,null,null,null,null,49.817659,24.044614
2018-08-27,18:44:00,понеділок,місто,Львів,Залізничний,вулиця,Сяйво,11А,null,зіткнення лобове,порушення правил маневрування,2,тяжко травмований,без ушкоджень,null,null,null,null,null,null,49.83783,23.977017
2018-07-27,10:20:00,п'ятниця,місто,Львів,Франківський,вулиця,Окружна,null,перехрестя вул. Кульпарківська - вул. Окружна,зіткнення лобове,порушення правил маневрування,2,без ушкоджень,легко травмований,null,null,null,null,null,null,49.824917,23.989635
2018-09-01,11:24:00,субота,місто,Львів,Залізничний,вулиця,Городоцька,357,null,зіткнення бокове,порушення правил маневрування,2,легко травмований,без ушкоджень,null,null,null,null,null,null,49.821812,23.923196
2018-08-14,20:47:00,вівторок,місто,Львів,Франківський,вулиця,Любінська,57,null,зіткнення лобове,порушення правил маневрування,4,легко травмований,без ушкоджень,тяжко травмований,легко травмований,null,null,null,null,49.82746,23.983557
2018-08-29,17:01:00,середа,місто,Львів,Шевченківський,вулиця,Величковського І.,32,null,наїзд на пішохода - пішохід рухався у зустрічному напрямку,порушення правил маневрування,2,без ушкоджень,тяжко травмований,null,null,null,null,null,null,49.877021,23.933904
2018-08-04,16:52:00,субота,місто,Львів,Залізничний,вулиця,Городоцька,172,null,наїзд на пішохода - пішохід рухався у попутному напрямку,порушення правил проїзду пішохідних переходів,2,легко травмований,легко травмований,null,null,null,null,null,null,49.831339,23.970784
2018-08-24,12:58:00,п'ятниця,місто,Львів,Сихівський,вулиця,Пасічна,125,null,зіткнення лобове,порушення правил маневрування,4,легко травмований,без ушкоджень,легко травмований,легко травмований,null,null,null,null,49.807291,24.071533
2018-07-28,12:16:00,субота,місто,Львів,Залізничний,вулиця,Виговського І.,100,null,зіткнення лобове,порушення правил маневрування,2,легко травмований,легко травмований,null,null,null,null,null,null,49.812252,23.98176
2018-08-03,9:55:00,п'ятниця,місто,Львів,Сихівський,вулиця,Рубчака І.,null,"перехрестя вул. Рубчака І., - вул. Стрийська",зіткнення лобове,порушення правил маневрування,2,без ушкоджень,тяжко травмований,null,null,null,null,null,null,49.805269,24.018753
2018-08-07,13:57:00,вівторок,місто,Львів,Сихівський,вулиця,Хуторівка,4Б,null,наїзд на пішохода - пішохід рухався у зустрічному напрямку,порушення правил маневрування,2,без ушкоджень,тяжко травмований,null,null,null,null,null,null,49.799796,24.026536
2018-08-20,23:50:00,понеділок,місто,Львів,Шевченківський,вулиця,Хмельницького Б.,275,null,наїзд на інші види перешкод,недодержання дистанції,1,легко травмований,null,null,null,null,null,null,null,49.874615,24.060305
2018-08-16,18:15:00,четвер,місто,Львів,Шевченківський,вулиця,Грінченка Б.,10,null,наїзд на пішохода - пішохід рухався у попутному напрямку,перехід у невстановленому місці,2,без ушкоджень,тяжко травмований,null,null,null,null,null,null,49.873422,24.053224
2018-08-10,13:13:00,п'ятниця,місто,Львів,Шевченківський,вулиця,Липинського В.,54А,null,"наїзд на пішохода - пішоходний перехід, тз здійснював поворот вліво (вправо)",порушення правил проїзду пішохідних переходів,2,без ушкоджень,легко травмований,null,null,null,null,null,null,49.864899,24.04117
2018-08-10,11:30:00,п'ятниця,селище,Брюховичі,Шевченківський,вулиця,Львівська,null,null,наїзд на велосипедиста - поза межами велосипедної доріжки,порушення правил маневрування,2,без ушкоджень,легко травмований,null,null,null,null,null,null,49.901601,23.959937
2018-08-05,4:01:00,неділя,місто,Львів,Галицький,проспект,"Свободи, просп.",49,null,наїзд на інші види перешкод,перевищення безпечної швидкості,1,легко травмований,null,null,null,null,null,null,null,49.844096,24.025716
2018-08-31,19:01:00,п'ятниця,місто,Львів,Залізничний,вулиця,П'ясецького А.,1,null,зіткнення з задньою частиною тз,перевищення безпечної швидкості,4,без ушкоджень,без ушкоджень,без ушкоджень,легко травмований,null,null,null,null,49.825858,23.936162
2018-09-01,16:45:00,субота,місто,Львів,Залізничний,вулиця,Городоцька,null,перехрестя вул. Городоцька - вул. Ряшівська,зіткнення бокове,невиконання вимог сигналів регулювання,2,легко травмований,легко травмований,null,null,null,null,null,null,49.828066,23.954476
2018-08-13,14:30:00,понеділок,місто,Львів,Сихівський,вулиця,Стуса В.,null,перехрестя вул. Липова Алея - вул. Стуса В.,зіткнення лобове,порушення правил маневрування,3,без ушкоджень,без ушкоджень,легко травмований,null,null,null,null,null,49.817327,24.045517
2018-08-15,17:30:00,середа,місто,Львів,Шевченківський,проспект,"Чорновола В., просп.",95,null,зіткнення лобове,"перевищення безпечної швидкості , недодержання дистанції",3,без ушкоджень,без ушкоджень,легко травмований,null,null,null,null,null,49.863706,24.017739
2018-07-27,13:57:00,п'ятниця,місто,Львів,Сихівський,вулиця,Мікльоша К.,null,перехрестя вул. Стрийська - вул. Мікльоша К.,зіткнення лобове,"перевищення встановленої швидкості , порушення правил проїзду перехресть",2,без ушкоджень,легко травмований,null,null,null,null,null,null,49.783661,24.014268
2018-08-10,12:10:00,п'ятниця,місто,Львів,Сихівський,вулиця,Стрийська,302,null,зіткнення бокове,"порушення правил маневрування , перевищення безпечної швидкості",2,легко травмований,без ушкоджень,null,null,null,null,null,null,49.774821,24.014139
2018-08-09,0:31:00,четвер,місто,Львів,Галицький,вулиця,Галицька,null,null,наїзд на пішохода - стояв на проїздній частині,порушення правил проїзду пішохідних переходів,2,без ушкоджень,легко травмований,null,null,null,null,null,null,49.839301,24.032507
2018-07-23,11:35:00,понеділок,місто,Львів,Личаківський,вулиця,Курінна,22,null,наїзд на пішохода - пішохід рухався у попутному напрямку,неочікуваний вихід на проїзну частину,2,без ушкоджень,легко травмований,null,null,null,null,null,null,49.839792,24.086763
2018-08-27,14:30:00,понеділок,місто,Львів,Шевченківський,вулиця,Шевченка Т.,132,null,зіткнення лобове,порушення правил обгону,5,без ушкоджень,без ушкоджень,без ушкоджень,легко травмований,легко травмований,null,null,null,49.851135,23.991566
2018-08-04,17:11:00,субота,місто,Львів,Галицький,вулиця,Гоголя М.,1,null,наїзд на пішохода - пішохід рухався у попутному напрямку,порушення правил проїзду пішохідних переходів,3,без ушкоджень,легко травмований,легко травмований,null,null,null,null,null,49.839806,24.018458
2018-07-19,22:45:00,четвер,місто,Львів,Франківський,вулиця,Окружна,null,перехрестя вул. Кульпарківська - вул. Окружна,зіткнення лобове,порушення правил маневрування,3,легко травмований,легко травмований,без ушкоджень,null,null,null,null,null,49.82493,23.989656
2018-08-12,2:22:00,неділя,місто,Львів,Залізничний,вулиця,Кузневича Г.,6,null,наїзд на пішохода - пішохід рухався у попутному напрямку,перехід у невстановленому місці,2,без ушкоджень,легко травмований,null,null,null,null,null,null,49.833706,23.981084
2018-07-27,1:45:00,п'ятниця,місто,Львів,Франківський,вулиця,Наукова,9,null,наїзд на дерево,"перевищення безпечної швидкості , недодержання дистанції , керування транспортним засобом у нетверезому стані",1,легко травмований,null,null,null,null,null,null,null,49.80376,23.993667
2018-08-28,5:22:00,вівторок,місто,Львів,Залізничний,вулиця,Сяйво,null,перехрестя вул. Сяйво - вул. Рудненська,зіткнення лобове,виїзд на смугу зустрічного руху,2,тяжко травмований,легко травмований,null,null,null,null,null,null,49.83592,23.976824
2018-09-03,17:28:00,понеділок,місто,Львів,Шевченківський,вулиця,Шевченка Т.,323,null,зіткнення бокове,перевищення безпечної швидкості,2,легко травмований,без ушкоджень,null,null,null,null,null,null,49.871126,23.958966
2018-08-31,14:40:00,п'ятниця,місто,Львів,Франківський,вулиця,Смаль-Стоцького С.,32,null,наїзд на велосипедиста - поза межами велосипедної доріжки,перевищення безпечної швидкості,2,без ушкоджень,легко травмований,null,null,null,null,null,null,49.832007,23.996222
2018-08-01,1:40:00,середа,місто,Львів,Галицький,проспект,"Чорновола В., просп.",2,null,наїзд на пішохода - пішохід рухався у попутному напрямку,порушення правил маневрування,2,без ушкоджень,легко травмований,null,null,null,null,null,null,49.848378,24.025818
2018-08-03,22:02:00,п'ятниця,місто,Львів,Шевченківський,вулиця,Промислова,50,null,наїзд на інші види перешкод,перевищення безпечної швидкості,1,легко травмований,null,null,null,null,null,null,null,49.86077,24.043692
2018-07-27,17:50:00,п'ятниця,місто,Львів,Залізничний,вулиця,Городоцька,274,null,"наїзд на транспортний засіб, що стоїть - по ходу руху",недодержання дистанції,4,без ушкоджень,без ушкоджень,легко травмований,без ушкоджень,null,null,null,null,49.82419,23.932868
2018-09-22,10:15:00,субота,місто,Львів,Залізничний,вулиця,Городоцька,300,null,падіння пасажира,порушення правил перевезення пасажирів,2,без ушкоджень,легко травмований,null,null,null,null,null,null,49.821106,23.916416
2018-09-15,14:50:00,субота,місто,Львів,Залізничний,вулиця,Городоцька,146,null,наїзд на пішохода - пішохід рухався у попутному напрямку,порушення правил маневрування,2,без ушкоджень,легко травмований,null,null,null,null,null,null,49.833751,23.982849
2018-09-22,15:40:00,субота,місто,Львів,Залізничний,вулиця,Широка,65А,null,наїзд на пішохода - пішохід рухався у попутному напрямку,перевищення безпечної швидкості,2,без ушкоджень,легко травмований,null,null,null,null,null,null,49.841968,23.968858
2018-09-27,14:35:00,четвер,місто,Львів,Сихівський,вулиця,Драгана М.,1,null,наїзд на пішохода - на регульованому пішохідному переході,порушення правил проїзду пішохідних переходів,2,без ушкоджень,легко травмований,null,null,null,null,null,null,49.784859,24.058058
2018-09-19,7:30:00,середа,місто,Львів,Сихівський,вулиця,Луганська,3,null,наїзд на пішохода - пішохід рухався у попутному напрямку,порушення правил маневрування,2,без ушкоджень,тяжко травмований,null,null,null,null,null,null,49.807362,24.052402
2018-09-07,16:41:00,п'ятниця,місто,Львів,Шевченківський,вулиця,Панча П.,7А,null,наїзд на пішохода - на нерегульованому пішохідному переході,порушення правил проїзду пішохідних переходів,2,без ушкоджень,легко травмований,null,null,null,null,null,null,49.860888,24.012219